{"correctness": 4.404975567659426, "sample": 2.0022630856064447, "complexity": 3.1000922888782334, "inverse": 1.938051562442792, "reinforcement": 1.9070703157390496, "learn": 1.7346010553881062, "": 1.144856750957684, "abi": 5.25922997783999, "komanduru": 5.25922997783999, "purdue": 5.25922997783999, "university": 5.25922997783999, "west": 5.25922997783999, "lafayette": 5.25922997783999, "47906": 5.25922997783999, "akomandupurdueedu": 5.25922997783999, "jean": 5.25922997783999, "honorio": 5.25922997783999, "jhonoriopurdueedu": 5.25922997783999, "abstract": 5.25922997783999, "irl": 2.3391627991339736, "problem": 1.5327875026587057, "find": 3.1000922888782334, "reward": 2.1049081481168965, "function": 2.069779630768099, "generate": 2.74543773317383, "give": 3.5000662840834744, "optimal": 2.178212597847647, "policy": 2.069779630768099, "markov": 4.150164632319791, "decision": 4.404975567659426, "process": 3.1870710239981346, "paper": 3.6287755300442313, "look": 3.6287755300442313, "algorithmicindependent": 4.74493212836325, "geometric": 3.385281926356256, "analysis": 3.6287755300442313, "finite": 3.94598516132796, "state": 2.3391627991339736, "action": 2.6298576327168357, "l1regularized": 3.1870710239981346, "support": 3.1870710239981346, "vector": 3.1000922888782334, "machine": 3.1870710239981346, "formulation": 2.4756042571256867, "motivate": 4.74493212836325, "propose": 3.281627035431676, "basic": 4.150164632319791, "objective": 3.5000662840834744, "mind": 5.25922997783999, "specify": 4.74493212836325, "analyze": 5.25922997783999, "n": 2.178212597847647, "k": 2.807941240955501, "show": 3.019521135518006, "od2": 5.25922997783999, "lognk": 5.25922997783999, "transition": 2.216530196230373, "probability": 2.4756042571256867, "matrices": 2.686191407289711, "nonzeros": 5.25922997783999, "per": 3.6287755300442313, "row": 3.5000662840834744, "recover": 4.74493212836325, "satisfy": 4.150164632319791, "bellmans": 4.74493212836325, "optimality": 3.6287755300442313, "condition": 3.385281926356256, "respect": 4.404975567659426, "true": 3.1870710239981346, "probabilities": 2.9444389791664407, "1": 1.789749418300031, "introduction": 5.25922997783999, "mdp": 3.385281926356256, "along": 3.94598516132796, "often": 5.25922997783999, "situations": 5.25922997783999, "include": 3.775409946266216, "apprenticeship": 3.281627035431676, "unknown": 5.25922997783999, "observe": 4.150164632319791, "expert": 5.25922997783999, "case": 2.874111237024384, "desirable": 5.25922997783999, "refer": 5.25922997783999, "ng": 2.807941240955501, "russel": 2.9444389791664407, "2000": 2.874111237024384, "well": 3.775409946266216, "know": 4.74493212836325, "necessarily": 5.25922997783999, "unique": 4.404975567659426, "formulate": 4.74493212836325, "two": 3.94598516132796, "different": 3.94598516132796, "ways": 5.25922997783999, "first": 4.404975567659426, "form": 3.385281926356256, "consider": 3.6287755300442313, "standard": 3.775409946266216, "several": 4.74493212836325, "approach": 4.404975567659426, "instead": 4.150164632319791, "linearlysolvable": 4.74493212836325, "lmdp": 3.94598516132796, "present": 3.775409946266216, "dvijotham": 4.74493212836325, "todorov": 4.74493212836325, "2010": 3.94598516132796, "various": 5.25922997783999, "algorithms": 4.74493212836325, "solve": 3.775409946266216, "linear": 3.5000662840834744, "program": 3.5000662840834744, "hybrid": 5.25922997783999, "neu": 4.404975567659426, "szepesvri": 4.404975567659426, "2007": 3.5000662840834744, "maximum": 3.281627035431676, "margin": 4.150164632319791, "plan": 4.404975567659426, "ratliff": 4.74493212836325, "et": 2.9444389791664407, "al": 2.9444389791664407, "2006": 4.404975567659426, "multiplicative": 4.150164632319791, "weight": 3.94598516132796, "syed": 4.150164632319791, "2008": 3.5000662840834744, "bayesian": 3.775409946266216, "estimation": 3.775409946266216, "ramachandran": 4.150164632319791, "amir": 4.150164632319791, "entropy": 4.74493212836325, "ziebart": 4.404975567659426, "gaussian": 3.94598516132796, "levine": 4.150164632319791, "2011": 3.94598516132796, "methods": 3.775409946266216, "abbeel": 4.74493212836325, "2004": 4.150164632319791, "use": 2.1049081481168965, "try": 5.25922997783999, "maximize": 4.74493212836325, "experts": 5.25922997783999, "however": 3.775409946266216, "none": 4.74493212836325, "prior": 4.150164632319791, "work": 4.74493212836325, "provide": 3.775409946266216, "formal": 4.404975567659426, "guarantee": 4.150164632319791, "obtain": 3.94598516132796, "empirical": 3.6287755300442313, "data": 4.404975567659426, "note": 3.6287755300442313, "indeed": 5.25922997783999, "although": 5.25922997783999, "practice": 5.25922997783999, "access": 5.25922997783999, "estimate": 2.6298576327168357, "bellman": 3.775409946266216, "may": 4.404975567659426, "33rd": 5.25922997783999, "conference": 4.74493212836325, "neural": 4.404975567659426, "information": 4.150164632319791, "systems": 4.404975567659426, "neurips": 4.74493212836325, "2019": 5.25922997783999, "vancouver": 5.25922997783999, "canada": 5.25922997783999, "also": 3.5000662840834744, "establish": 4.404975567659426, "meet": 5.25922997783999, "goal": 5.25922997783999, "trajectories": 4.74493212836325, "achieve": 5.25922997783999, "svm": 4.150164632319791, "nonparametric": 4.74493212836325, "compare": 4.74493212836325, "feature": 5.25922997783999, "derive": 4.74493212836325, "theoretical": 5.25922997783999, "l1": 4.150164632319791, "perform": 4.150164632319791, "finally": 5.25922997783999, "experimental": 4.74493212836325, "result": 2.9444389791664407, "linearprogramming": 5.25922997783999, "method": 3.94598516132796, "improve": 5.25922997783999, "performance": 5.25922997783999, "ie": 3.6287755300442313, "best": 4.74493212836325, "knowledge": 5.25922997783999, "algorithm": 4.404975567659426, "2": 2.6298576327168357, "preliminaries": 5.25922997783999, "base": 4.74493212836325, "psa": 4.74493212836325, "r": 2.178212597847647, "set": 3.6287755300442313, "a1": 2.4756042571256867, "ak": 4.74493212836325, "nn": 5.25922997783999, "pa": 2.4756042571256867, "0": 2.2560650773591524, "represent": 4.150164632319791, "j": 3.281627035431676, "go": 5.25922997783999, "take": 5.25922997783999, "discount": 5.25922997783999, "factor": 5.25922997783999, "important": 4.404975567659426, "right": 3.281627035431676, "stochastic": 3.5000662840834744, "mathematically": 4.74493212836325, "p": 3.1870710239981346, "assume": 4.404975567659426, "purely": 5.25922997783999, "assumption": 3.94598516132796, "make": 4.404975567659426, "initial": 4.74493212836325, "define": 3.6287755300442313, "map": 5.25922997783999, "value": 3.775409946266216, "s1": 5.25922997783999, "v": 4.404975567659426, "e": 4.404975567659426, "rs1": 5.25922997783999, "trajectory": 5.25922997783999, "q": 4.74493212836325, "rs": 5.25922997783999, "es0": 5.25922997783999, "s0": 5.25922997783999, "equation": 4.74493212836325, "arg": 5.25922997783999, "max": 5.25922997783999, "aa": 5.25922997783999, "finitestate": 5.25922997783999, "equivalent": 3.775409946266216, "follow": 3.1000922888782334, "pa1": 3.6287755300442313, "ii": 4.150164632319791, "6": 3.775409946266216, "inequality": 4.404975567659426, "strict": 3.1870710239981346, "necessary": 4.74493212836325, "sufficient": 4.150164632319791, "thus": 4.74493212836325, "fundamental": 5.25922997783999, "constraint": 4.74493212836325, "problems": 3.775409946266216, "section": 3.775409946266216, "subsequent": 4.74493212836325, "notation": 5.25922997783999, "fai": 1.7346010553881062, "likelihood": 3.94598516132796, "denote": 5.25922997783999, "similar": 5.25922997783999, "fashion": 5.25922997783999, "enforce": 5.25922997783999, "constraints": 4.74493212836325, "lead": 4.74493212836325, "formulations": 5.25922997783999, "optimization": 3.385281926356256, "minimize": 4.74493212836325, "loss": 4.74493212836325, "instance": 4.74493212836325, "one": 2.74543773317383, "x": 4.74493212836325, "i1": 5.25922997783999, "subject": 4.74493212836325, "min": 5.25922997783999,